,b (mm),h (mm),t (mm),L (mm),fy (MPa),fc (MPa),N Test (kN),bi (mm),hi (mm),Ag (mm),Ac (mm),As (mm),Icy (mm^4),Isy (mm^4),C3,EI_eff,Pe (KN),h/t,lamda p,lamda r,classification,Pno (KN),Py (KN),Pp (KN),Fcr (MPa),Pno/Pe,Pn (KN)
0,200.0,200.0,2.0,200.0,200.0,20.0,0,196.0,196.0,40000.0,38416.0,1584.0,122982421.33333333,10350912.0,0.6792,3825895592208.4287,236000.4748435543,100.0,71.46747511980537,94.86832980505137,slender,822.944,,,180.0,0.003487043831354717,821.7437864983833
